,City,Cloudiness,Country,Date,Humidity,Lat,Lon,Max Temp,Wind Speed
0,La Ronge,90,CA,1601601191,61,55.1,-105.28,8,1
1,Jamestown,90,US,1601601193,87,42.1,-79.24,9.44,2.6
2,Smithers,40,CA,1601601195,59,54.78,-127.17,19,2.1
3,Albany,23,US,1601601198,69,42.6,-73.97,12.78,1.81
4,Tuktoyaktuk,90,CA,1601601200,100,69.45,-133.04,4,5.7
5,Busselton,79,AU,1601601202,69,-33.65,115.33,13.89,6.17
6,Raudeberg,54,NO,1601601204,49,61.99,5.14,15.56,5.19
7,Tasiilaq,100,GL,1601601206,98,65.61,-37.64,0,13.9
8,Severo-Kuril'sk,100,RU,1601601209,74,50.68,156.12,10.42,2.37
9,East London,100,ZA,1601601211,73,-33.02,27.91,14.7,7.14
10,Saldanha,100,ZA,1601601214,81,-33.01,17.94,12,2.6
11,Rikitea,0,PF,1601601216,79,-23.12,-134.97,23.05,8.44
12,Sumbe,83,AO,1601601218,88,-11.21,13.84,21.89,2.99
13,Newport,100,GB,1601601220,97,51.59,-3.0,10.56,8.59
14,Yulara,0,AU,1601601222,12,-25.24,130.99,29,1.5
15,Phan Thiet,100,VN,1601601224,77,10.93,108.1,27.79,1.56
16,Ushuaia,75,AR,1601601227,92,-54.8,-68.3,-1,9.3
17,Bengkulu,99,ID,1601601216,90,-3.8,102.27,25,4.14
18,Arraial do Cabo,0,BR,1601601128,85,-22.97,-42.03,23.59,11.53
19,Pisco,1,PE,1601601233,82,-13.7,-76.22,17,9.8
20,Nālūt,1,LY,1601601235,20,30.33,10.85,26.97,4.89
21,San Cristobal,78,VE,1601601237,88,7.77,-72.22,19.49,0.71
22,Hermanus,100,ZA,1601601239,77,-34.42,19.23,12.78,3.13
23,Kumul,100,CN,1601601242,40,42.8,93.45,9.82,6.4
24,Ancud,61,CL,1601601244,64,-41.87,-73.82,5,3.6
25,Punta Arenas,0,CL,1601601247,91,-53.15,-70.92,0,4.6
26,Khatanga,100,RU,1601601249,98,71.97,102.5,0.68,5.17
27,Rumoi,75,JP,1601601251,87,43.93,141.64,15,1
28,Westerland,100,DE,1601601253,82,54.91,8.3,14,5.7
29,Saint Paul Harbor,90,US,1601601255,87,57.79,-152.41,10,10.8
30,Daru,100,PG,1601601257,72,-9.08,143.21,26,7.37
31,Bluff,100,NZ,1601601259,57,-46.6,168.33,13.89,4.47
32,Cape Town,40,ZA,1601601261,58,-33.93,18.42,14.44,9.8
33,Pierre,1,US,1601601264,43,44.37,-100.35,11,3.1
34,Kamenka,100,RU,1601601265,64,51.32,42.77,9.44,0.45
35,Butaritari,0,KI,1601601268,72,3.07,172.79,27.25,5.89
36,Ilhabela,65,BR,1601601270,63,-23.78,-45.36,27.58,2.58
37,Port Alfred,97,ZA,1601601251,71,-33.59,26.89,14.3,9.08
38,Airai,0,TL,1601601274,50,-8.93,125.41,23.14,2.97
39,Qaanaaq,82,GL,1601601276,79,77.48,-69.36,-9.85,2.24
40,Porto-Novo,4,BJ,1601601278,88,6.5,2.6,24.15,2.78
41,Puerto Ayora,98,EC,1601601280,86,-0.74,-90.35,20,4.02
42,Riyadh,0,SA,1601601190,19,24.69,46.72,26,2.6
43,Laem Sing,63,TH,1601601284,94,12.48,102.07,28.33,1.51
44,Tessalit,0,ML,1601601287,13,20.2,1.01,31.13,6.15
45,George Town,20,MY,1601601289,88,5.41,100.34,27,2.6
46,Bud,75,US,1601601291,62,39.45,-86.18,12.22,3.6
47,Bahār,0,IR,1601601293,66,34.91,48.44,9.57,0.43
48,Provideniya,90,RU,1601601296,93,64.38,-173.3,4,7
49,Port Elizabeth,90,ZA,1601601280,58,-33.92,25.57,15,7.7
50,Avarua,0,CK,1601601300,83,-21.21,-159.78,27,6.2
51,Kruisfontein,100,ZA,1601601303,81,-34.0,24.73,12.78,4.02
52,Saint-Philippe,2,RE,1601601305,60,-21.36,55.77,21,3.1
53,Atuona,4,PF,1601601307,76,-9.8,-139.03,25.84,9.06
54,Mataura,72,NZ,1601601309,57,-46.19,168.86,13.89,4.47
55,Kapaa,1,US,1601601311,62,22.08,-159.32,30,4.1
56,Nikolskoye,73,RU,1601601313,87,59.7,30.79,8.89,4
57,Mar del Plata,40,AR,1601601174,76,-38.0,-57.56,9.44,4.6
58,Kantang,20,TH,1601601317,100,7.41,99.52,24,2.53
59,Ryōtsu-minato,96,JP,1601601320,68,38.08,138.43,21,1
60,Biak,100,ID,1601601322,72,-0.91,122.88,27.78,3.96
61,Faya,34,SA,1601601324,48,18.39,42.45,17,1.4
62,Mangaldai,75,IN,1601601326,100,26.43,92.03,26,0.24
63,Fairbanks,1,US,1601601249,25,64.84,-147.72,19,2.6
64,Hilo,75,US,1601601331,78,19.73,-155.09,28,2.1
65,Shiyan,100,CN,1601601333,91,32.65,110.78,18.56,1.55
66,Requena,100,ES,1601601335,68,39.49,-1.1,16.11,1.34
67,Hailar,100,CN,1601601337,90,49.2,119.7,6.06,4.61
68,Chaozhou,0,CN,1601601339,69,23.67,116.64,26,3
69,Marabu,40,MY,1601601341,88,4.41,114.01,26,2.1
70,Zelenoborskiy,15,RU,1601601343,92,66.84,32.36,8.45,1.6
71,Auki,0,SB,1601601273,59,-8.77,160.7,29.83,1.66
72,Vaini,75,TO,1601601266,88,-21.2,-175.2,25,5.1
73,Vila Velha,25,BR,1601601349,78,-20.33,-40.29,25,7.2
74,Bathsheba,75,BB,1601601280,78,13.22,-59.52,28,7.7
75,Nioro,22,GM,1601601353,91,13.35,-15.75,25.02,2.77
76,Moindou,100,NC,1601601356,39,-21.69,165.68,28,5.7
77,Naze,40,JP,1601601358,69,28.37,129.48,28,6.7
78,New Norfolk,49,AU,1601601319,55,-42.78,147.06,19.44,4.02
79,Bredasdorp,100,ZA,1601601161,62,-34.53,20.04,14,8.7
80,Gushikawa,1,JP,1601601364,74,26.35,127.87,27,4.6
81,Cabo San Lucas,5,MX,1601601291,70,22.89,-109.91,32,7.7
82,Ambulu,60,ID,1601601368,71,-8.35,113.61,28.03,1.2
83,Carnarvon,76,AU,1601601370,68,-24.87,113.63,20,5.1
84,Lagoa,100,PT,1601601372,85,39.05,-27.98,20.11,6.58
85,Matias Barbosa,12,BR,1601601375,54,-21.87,-43.32,24.52,1.26
86,Sovetskaya Gavan',0,RU,1601601377,55,48.97,140.29,14.56,0.35
87,Marzuq,0,YE,1601601379,65,14.4,46.47,22.34,0.1
88,Hohhot,0,CN,1601601372,55,40.81,111.65,4,2
89,Norman Wells,75,CA,1601601383,87,65.28,-126.83,7,1.5
90,Yur’yevets,74,RU,1601601385,87,57.32,43.1,10.98,1.45
91,Abu Samrah,0,SY,1601601387,90,35.3,37.18,16.93,2.24
92,Nemuro,75,JP,1601601389,82,43.32,145.57,16,0.5
93,Faanui,0,PF,1601601275,78,-16.48,-151.75,26.06,8.29
94,Mossamedes,18,AO,1601601393,87,-15.2,12.15,16.1,1.12
95,Tateyama,20,JP,1601601396,69,34.98,139.87,23.89,3.6
96,Castro Urdiales,75,ES,1601601398,93,43.38,-3.22,15.56,1
97,Ponta do Sol,75,PT,1601601400,68,32.67,-17.1,21,1.5
98,Atasū,9,KZ,1601601402,67,48.68,71.64,5.29,3.65
99,Port Hedland,81,AU,1601601404,27,-20.32,118.57,31,4.6
100,Jumla,0,NP,1601601406,56,29.27,82.18,12.18,1.96
101,Mkushi,0,ZM,1601601409,41,-13.62,29.39,17.88,1.38
102,Kavieng,100,PG,1601601293,83,-2.57,150.8,26.83,6.65
103,Mahébourg,20,MU,1601601413,93,-20.41,57.7,18,2.6
104,Hamilton,40,US,1601601212,47,39.18,-84.53,14,7.7
105,Káto Miliá,0,GR,1601601417,71,40.25,22.34,15.56,2.1
106,Yellowknife,90,CA,1601601255,70,62.46,-114.35,8,4.1
107,Røros,98,NO,1601601421,87,62.57,11.38,8,3.1
108,Srednekolymsk,86,RU,1601601423,65,67.45,153.68,4.53,6.11
109,Saskylakh,100,RU,1601601426,91,71.92,114.08,-3.4,8.46
110,Mnogovershinnyy,0,RU,1601601428,63,53.94,139.92,9.77,0.97
111,Chuguyevka,100,RU,1601601430,65,44.17,133.86,13.08,2.23
112,Chokurdakh,97,RU,1601601302,84,70.63,147.92,0.53,2.49
113,Zyryanka,100,RU,1601601434,57,65.75,150.85,6.66,6.54
114,Hofn,39,IS,1601601437,57,64.25,-15.21,7.17,3.82
115,Vanavara,40,RU,1601601439,96,60.34,102.28,-1.79,1.36
116,Souillac,20,MU,1601601441,93,-20.52,57.52,18,2.6
117,Aklavik,75,CA,1601601443,81,68.22,-135.01,7,4.1
118,Sakakah,0,SA,1601601445,17,29.97,40.21,25,3.6
119,Castro,0,BR,1601601447,54,-24.79,-50.01,22.11,1.21
120,Katangli,0,RU,1601601450,64,51.71,143.23,11.58,2.19
121,Ostrovnoy,80,RU,1601601452,92,68.05,39.51,8.88,5.18
122,Lianhe,100,CN,1601601454,91,47.13,129.27,7.86,0.5
123,Dongsheng,0,CN,1601601456,52,39.82,109.98,7.13,0.48
124,Sibu,40,MY,1601601459,88,2.3,111.82,26,3.1
125,Hong Kong,39,HK,1601601461,78,22.29,114.16,27.78,0.45
126,Barrow,90,US,1601601260,86,71.29,-156.79,1,6.7
127,Leningradskiy,100,RU,1601601289,95,69.38,178.42,2.59,7.34
128,Hambantota,40,LK,1601601467,100,6.12,81.12,24,1.5
129,Tiébissou,75,CI,1601601469,94,7.16,-5.23,23,2.1
130,Solnechnyy,0,RU,1601601472,60,50.72,136.63,12.05,1.59
131,Alofi,40,NU,1601601474,78,-19.06,-169.92,28,3.1
132,Atar,0,MR,1601601395,19,20.52,-13.05,32.79,4.97
133,Bambous Virieux,20,MU,1601601478,93,-20.34,57.76,19.44,2.6
134,Guerrero Negro,0,MX,1601601465,44,27.98,-114.06,28.15,6.48
135,Bara,30,NG,1601601483,93,10.37,10.73,22.8,1.81
136,Padang,100,ID,1601601257,86,-0.95,100.35,24.56,0.22
137,La Asuncion,100,VE,1601601487,83,11.03,-63.86,27.42,5.43
138,Lebu,1,CL,1601601490,83,-37.62,-73.65,7.99,3.8
139,San Ramon,1,US,1601601492,16,37.78,-121.98,34,2.6
140,Tupik,100,RU,1601601494,91,54.43,119.93,5.1,2.46
141,Malé,75,MV,1601601385,78,4.17,73.51,28,3.6
142,Sitka,20,US,1601601499,87,57.05,-135.33,12,1.26
143,Novikovo,100,RU,1601601501,35,51.15,37.89,15.64,6.94
144,Talnakh,90,RU,1601601503,100,69.49,88.4,2,3
145,Ilulissat,100,GL,1601601505,64,69.22,-51.1,4,5.1
146,Moranbah,89,AU,1601601507,39,-22.0,148.05,27.92,6.78
147,Eureka,1,US,1601601509,77,40.8,-124.16,17,4.1
148,Derzhavīnsk,9,KZ,1601601511,58,51.1,66.32,7.35,2.97
149,Maracaçumé,37,BR,1601601513,87,-2.04,-45.96,23.76,2.76
150,Netivot,0,IL,1601601515,73,31.42,34.59,23.89,1.33
151,Ozimek,100,PL,1601601517,99,50.68,18.21,12.22,0.51
152,Kiryat Gat,0,IL,1601601520,81,31.61,34.76,23.89,1.69
153,Gīdam,100,IN,1601601522,89,18.98,81.4,21.56,0.54
154,Isangel,90,VU,1601601291,78,-19.55,169.27,26,5.1
155,Praia,75,CV,1601601526,88,14.92,-23.51,26,8.2
156,Dingle,76,PH,1601601529,78,11.0,122.67,28.73,2.09
157,Moche,45,PE,1601601531,86,-8.17,-79.01,16.57,3.5
158,Pangnirtung,38,CA,1601601395,85,66.15,-65.71,-3.83,2.44
159,Ribeira Grande,64,PT,1601601535,86,38.52,-28.7,20.14,7.07
160,Gambēla,42,ET,1601601537,70,8.25,34.58,21.17,1.57
161,Pristol,5,RO,1601601539,74,44.22,22.71,12.86,1.28
162,Vokhtoga,21,RU,1601601541,85,58.81,41.05,8.41,1.75
163,Balkanabat,0,TM,1601601543,32,39.51,54.37,14.08,2.54
164,Wuchang,94,CN,1601601463,82,44.91,127.15,13.62,4.65
165,Nanortalik,100,GL,1601601319,78,60.14,-45.24,3.15,9.57
166,Neath,100,GB,1601601549,93,51.66,-3.8,9.44,0.89
167,Touros,40,BR,1601601551,74,-5.2,-35.46,26,4.1
168,Aykhal,90,RU,1601601553,92,66.0,111.5,-6,3
169,Meulaboh,100,ID,1601601555,90,4.14,96.13,25.14,2.41
170,Sovetskiy,91,RU,1601601557,88,61.36,63.58,7.31,2.62
171,Miraflores,20,MX,1601601559,22,19.22,-98.81,19,2.6
172,Changji,0,CN,1601601561,52,44.02,87.32,6,2
173,Saint-Pierre,0,RE,1601601564,60,-21.34,55.48,21,3.1
174,Sarangani,100,PH,1601601566,70,5.4,125.46,29.18,3.77
175,Shuyskoye,98,RU,1601601568,87,59.37,41.03,8.58,1.67
176,‘Ewa Beach,1,US,1601601375,48,21.32,-158.01,31,4.6
177,Turaif,40,SA,1601601572,43,31.67,38.66,22,4.6
178,Jackson,1,US,1601601574,19,42.42,-122.83,33,2.6
179,Torbay,90,CA,1601601576,93,47.67,-52.73,16.11,5.1
180,Saint-Augustin,0,CA,1601601578,81,51.23,-58.65,11.66,5.64
181,Codrington,0,AU,1601601580,67,-38.27,141.97,19.67,6.38
182,Beringovskiy,100,RU,1601601583,83,63.05,179.32,5.14,10.91
183,Coromandel,0,BR,1601601585,30,-18.47,-47.2,24.51,2.05
184,Baft,0,IR,1601601587,37,29.23,56.61,14.34,1.78
185,Prieska,0,ZA,1601601589,55,-29.66,22.75,8.5,1.11
186,Berlevåg,75,NO,1601601591,87,70.86,29.09,6,3.1
187,Port-Gentil,89,GA,1601601593,80,-0.72,8.78,24.74,5.32
188,Amapá,100,BR,1601601595,67,1.0,-52.0,25.3,2.22
189,Mogadishu,100,SO,1601601539,85,2.04,45.34,25.47,6.44
190,Aktash,85,RU,1601601599,91,50.3,87.73,-7.01,1.14
191,Hobart,40,AU,1601601561,39,-42.88,147.33,19.44,11.8
192,Jamame,100,SO,1601601604,87,0.07,42.75,24.79,3.65
193,Bose,100,IT,1601601606,90,45.46,8.01,16.11,1.43
194,Ibaté,63,BR,1601601608,35,-21.95,-48.0,28.27,2.93
195,Tuatapere,100,NZ,1601601610,58,-46.13,167.68,13.89,4.47
196,Luján,9,AR,1601601612,70,-34.57,-59.1,15.56,3.25
197,Severnyy-Kospashskiy,99,RU,1601601614,96,59.09,57.8,6.32,1.21
198,Cherskiy,0,RU,1601601616,77,68.75,161.3,2.35,0.15
199,Port Lincoln,0,AU,1601601619,41,-34.73,135.87,24.55,10.25
200,Mīrābād,0,AF,1601601621,29,30.44,61.84,17.7,3.12
201,Lüderitz,5,NA,1601601623,76,-26.65,15.16,11.09,2.41
202,Makakilo City,1,US,1601601625,48,21.35,-158.09,31,4.6
203,Sørland,0,NO,1601601627,80,67.67,12.69,11.71,5.87
204,Ankazoabo,0,MG,1601601629,60,-22.28,44.52,19.78,2.92
205,Kristinestad,100,FI,1601601631,87,62.27,21.38,10.56,3.79
206,Verkhnyaya Inta,98,RU,1601601370,91,65.98,60.31,7.84,6.22
207,Vammala,100,FI,1601601635,100,61.33,22.9,9,3.6
208,Alice Springs,0,AU,1601601565,9,-23.7,133.88,30,5.7
209,Vao,32,NC,1601601640,72,-22.67,167.48,21.07,6.02
210,Maneromango,45,TZ,1601601642,100,-7.2,38.78,20.39,1.49
211,Beloha,31,MG,1601601357,97,-25.17,45.05,17.1,2.27
212,Cáchira,100,CO,1601601646,92,7.74,-73.05,14.07,1.56
213,Ormara,0,PK,1601601648,63,25.21,64.64,28.34,2.69
214,Marystown,100,CA,1601601612,100,47.17,-55.15,15.56,0.45
215,Coari,82,BR,1601601624,78,-4.08,-63.14,24.68,0.81
216,Petropavlovsk-Kamchatskiy,5,RU,1601601654,50,53.05,158.65,13,1
217,Adeje,40,ES,1601601656,60,28.12,-16.73,23.33,5.7
218,Pevek,100,RU,1601601658,79,69.7,170.31,2.55,6.84
219,Mandiana,100,GN,1601601661,90,10.63,-8.68,22.8,2.74
220,Waipawa,2,NZ,1601601663,62,-41.41,175.52,14,12.9
221,Sola,75,VU,1601601665,74,-13.88,167.55,31,3.1
222,Asău,99,RO,1601601667,96,46.43,26.4,8.33,2.14
223,Sartell,75,US,1601601669,70,45.62,-94.21,7.22,2.1
224,Orange Cove,1,US,1601601671,48,36.62,-119.31,33,2.1
225,La Palma,1,US,1601601674,21,33.85,-118.05,34,1.5
226,Koumac,100,NC,1601601676,59,-20.57,164.28,24.04,5.43
227,Ürümqi,3,CN,1601601678,52,43.8,87.6,6,2
228,Shelopugino,100,RU,1601601681,91,51.65,117.56,4.86,1.87
229,Upernavik,0,GL,1601601683,90,72.79,-56.15,-5.68,7.54
230,Willowmore,100,ZA,1601601685,84,-33.29,23.49,7.23,11.57
231,Port Keats,99,AU,1601601687,48,-14.25,129.55,32.29,0.57
232,Tamiahua,100,MX,1601601690,66,21.27,-97.45,21.95,2.41
233,Kimbe,100,PG,1601601692,82,-5.55,150.14,27.92,3.31
234,Bagdarin,100,RU,1601601694,95,54.43,113.6,-0.03,3.01
235,Thompson,75,CA,1601601696,89,55.74,-97.86,1,0.81
236,Acapulco de Juárez,75,MX,1601601418,74,16.86,-99.89,29,4.1
237,Vila do Maio,75,CV,1601601701,88,15.13,-23.22,26,8.2
238,Gilgit,0,PK,1601601703,31,35.92,74.31,16.8,1.21
239,Havre-St-Pierre,1,CA,1601601706,93,50.23,-63.6,7,1.5
240,São Filipe,100,CV,1601601708,80,14.9,-24.5,27.42,3.81
241,Nova Olímpia,95,BR,1601601711,21,-14.8,-57.29,32.08,1.97
242,Trojes,40,AL,1601601713,77,41.76,19.96,15,1
243,Nurota,0,UZ,1601601715,52,40.56,65.69,8,3.1
244,Lata,100,PT,1601601717,82,40.16,-8.33,17.78,6.3
245,Humaitá,24,BR,1601601719,76,-7.51,-63.02,25.71,1.02
246,Beyneu,0,KZ,1601601721,43,45.32,55.2,10.43,4.7
247,El Real de Santa Maria,98,PA,1601601723,94,8.11,-77.73,23.85,0.25
248,Samarai,98,PG,1601601725,85,-10.62,150.67,25.99,8.48
249,Poum,100,NC,1601601728,68,-20.23,164.02,22.44,2.86
250,Zhigansk,100,RU,1601601730,92,66.77,123.37,-0.35,6.24
251,Tautira,40,PF,1601601732,62,-17.73,-149.15,30,2.1
252,Kaitangata,100,NZ,1601601734,58,-46.28,169.85,12.78,2.68
253,Athabasca,99,CA,1601601736,65,54.72,-113.29,12.04,2.46
254,Gamboma,100,CG,1601601738,94,-1.88,15.86,20.31,0.89
255,Ahmadpur,87,IN,1601601742,90,18.7,76.93,21.67,3.32
256,Saint Paul,75,US,1601601689,57,44.94,-93.09,9,4.6
257,Sampit,98,ID,1601601543,86,-2.53,112.95,27.37,0.98
258,Anori,100,BR,1601601748,89,-3.77,-61.64,24.51,1.36
259,Deputatsky,99,RU,1601601750,91,69.3,139.9,-2.62,0.59
260,Lampazos de Naranjo,0,MX,1601601752,34,27.02,-100.52,24.28,2.81
261,Bethel,90,US,1601601754,63,41.37,-73.41,16,1.5
262,Lebedinyy,100,RU,1601601756,93,58.52,125.52,0.44,1.43
263,Raja,59,SS,1601601758,92,8.46,25.68,21.22,0.58
264,Rio Grande,100,BR,1601601761,96,-32.03,-52.1,18.89,0.89
265,Flin Flon,100,CA,1601601763,76,54.77,-101.86,3.54,1.09
266,Bonfim,52,BR,1601601765,56,3.08,-59.95,28.31,2.88
267,Hithadhoo,1,MV,1601601767,68,-0.6,73.08,28.3,0.95
268,Wichian Buri,84,TH,1601601769,83,15.66,101.11,26.8,0.41
269,Adré,86,TD,1601601771,68,13.47,22.2,23.88,1.02
270,Vestmannaeyjar,0,IS,1601601773,66,63.44,-20.27,6.88,2
271,Colinas,96,BR,1601601775,25,-6.03,-44.25,31.21,1.96
272,Nantucket,1,US,1601601777,88,41.28,-70.1,17.22,4.6
273,Port Hardy,75,CA,1601601700,87,50.7,-127.42,16,1
274,Hasaki,20,JP,1601601782,73,35.73,140.83,23.89,1
275,Bani Walid,89,LY,1601601784,27,31.76,13.99,27.4,3.12
276,Manono,0,CD,1601601786,86,-7.3,27.42,21.79,0.62
277,Hegang,100,CN,1601601790,84,47.4,130.37,10.72,4.24
278,Ruska Poliana,0,UA,1601601792,86,49.42,31.92,12.43,5.35
279,Esperance,18,AU,1601601794,77,-33.87,121.9,16,3.6
280,Muros,100,ES,1601601797,84,42.78,-9.06,17.22,3.58
281,Vieques,20,PR,1601601799,88,18.43,-65.83,25,1.5
282,Fortuna,20,US,1601601801,93,40.6,-124.16,16.67,3.1
283,Ocós,75,GT,1601601803,100,14.51,-92.19,26,2.1
284,Eskilstuna,66,SE,1601601805,87,59.37,16.51,12,4.1
285,Flinders,0,AU,1601601807,44,-34.58,150.86,23.33,1.79
286,Klaksvík,100,FO,1601601810,100,62.23,-6.59,11,10.8
287,Gashua,0,NG,1601601812,48,12.87,11.05,28.87,3.14
288,Umm Kaddadah,0,SD,1601601815,45,13.6,26.69,29.81,4.05
289,Ouallam,0,NE,1601601818,56,14.32,2.09,29.48,6.12
290,Cayenne,12,GF,1601601666,100,4.93,-52.33,26,1
291,Paita,100,PE,1601601822,87,-5.09,-81.11,16.86,4.75
292,Isla Mujeres,75,MX,1601601824,78,21.23,-86.73,28,1.5
293,Erzin,20,TR,1601601826,93,36.96,36.2,18,3.1
294,Muslyumovo,36,RU,1601601829,85,55.3,53.19,9.77,0.78
295,Chui,33,UY,1601601831,76,-33.7,-53.46,13.15,5.31
296,Siloam Springs,1,US,1601601546,53,36.19,-94.54,13.89,3.1
297,Ōfunato,40,JP,1601601835,82,39.07,141.72,18,2.6
298,Sun Valley,1,US,1601601693,8,39.6,-119.78,29,3.1
299,Carutapera,97,BR,1601601715,83,-1.2,-46.02,25.31,3.33
300,Baruun-Urt,97,MN,1601601841,90,46.68,113.28,0.4,4.71
301,Farafangana,5,MG,1601601844,92,-22.82,47.83,20.79,0.85
302,Kapustin Yar,24,RU,1601601846,48,48.58,45.74,13.13,5.31
303,Caloundra,0,AU,1601601848,68,-26.8,153.13,25.56,3.13
304,Shenjiamen,0,CN,1601601851,67,29.96,122.3,23.4,3.08
305,Monte Santo de Minas,44,BR,1601601854,34,-21.19,-46.98,25.99,2.26
306,College,40,US,1601601856,49,64.86,-147.8,19,3.6
307,Trelew,100,AR,1601601859,55,-43.25,-65.31,5.13,6.53
308,Abonnema,75,NG,1601601861,94,4.71,6.79,25,1.78
309,Puerto Colombia,100,CO,1601601863,73,10.99,-74.95,28.29,1.39
310,Lompoc,1,US,1601601865,28,34.64,-120.46,31,3.1
311,Kawhia,97,NZ,1601601868,44,-38.07,174.82,19.44,1.79
312,Santiago del Estero,0,AR,1601601870,34,-27.8,-64.26,20.76,4.98
313,Dikson,100,RU,1601601872,83,73.51,80.55,1.89,9.21
314,Laguna,1,US,1601601786,35,38.42,-121.42,34.44,1.33
315,Queanbeyan,0,AU,1601601876,45,-35.35,149.23,18.89,3.6
316,Pervoye Maya,66,RU,1601601880,100,56.16,44.72,4,1.14
317,Micheweni,41,TZ,1601601882,83,-4.97,39.83,24.97,4.73
318,Labuan,20,MY,1601601884,83,5.28,115.24,27,1.5
319,Port Said,31,EG,1601601886,69,31.26,32.28,26,2.6
320,Oistins,40,BB,1601601888,78,13.07,-59.53,28,7.2
321,Maragogi,3,BR,1601601890,83,-9.01,-35.22,23.69,4.39
322,Lohja,100,FI,1601601892,97,60.25,24.07,9.44,3.13
323,Tiksi,31,RU,1601601894,94,71.69,128.87,-2.98,7.02
324,Homer,90,US,1601601896,81,59.64,-151.55,11,5.7
325,Alto Araguaia,43,BR,1601601898,24,-17.31,-53.22,28.01,1.3
326,Menongue,100,AO,1601601901,58,-14.66,17.69,20.24,2.71
327,São Paulo de Olivença,100,BR,1601601903,96,-3.38,-68.87,23.11,2.73
328,Shimoda,20,JP,1601601905,69,34.67,138.95,23,3.6
329,Constitución,0,CL,1601601908,79,-35.33,-72.42,8.3,4.95
330,Herat Province,0,AF,1601601910,45,34.5,62.0,8.79,1.71
331,Kahului,75,US,1601601912,88,20.89,-156.47,26,5.7
332,Xiuyan,10,CN,1601601915,65,40.29,123.27,16.84,2.8
333,Azángaro,100,PE,1601601787,79,-14.92,-70.22,5.85,2.62
334,Leshukonskoye,75,RU,1601601919,95,64.9,45.76,5.82,1.92
335,Oktyabr'skiy,1,RU,1601601921,85,54.48,53.47,9.16,0.54
336,Vilhena,48,BR,1601601923,50,-12.74,-60.15,25.97,1.39
337,Kasane,92,BW,1601601925,41,-17.82,25.15,25.37,2.48
338,San Buenaventura,0,MX,1601601927,20,27.08,-101.53,26.67,2.24
339,Mporokoso,0,ZM,1601601929,74,-9.37,30.12,16.21,1.27
340,Tolaga Bay,96,NZ,1601601932,64,-38.37,178.3,15.46,3.2
341,Tromsø,75,NO,1601601739,100,69.65,18.96,6,9.3
342,Kodinsk,25,RU,1601601936,96,58.69,99.18,-1.58,0.83
343,Bandarbeyla,22,SO,1601601915,86,9.49,50.81,24.94,7.98
344,Fort Nelson,20,CA,1601601940,31,58.81,-122.7,18,3.6
345,Mahon,100,ES,1601601942,83,39.89,4.27,22,6.2
346,Sistranda,20,NO,1601601944,66,63.73,8.83,13,11.3
347,Eravur,100,LK,1601601947,71,7.77,81.61,25.57,2.44
348,Portland,75,US,1601601874,60,45.52,-122.68,25,2.1
349,La Plata,96,AR,1601601951,71,-34.92,-57.95,15.56,4.3
350,Husavik,0,IS,1601601952,86,66.04,-17.34,-3,2.1
351,Yatou,96,CN,1601601955,85,37.15,122.38,17.73,2.19
352,Diego de Almagro,0,CL,1601601957,44,-26.37,-70.05,13.36,0.36
353,Cockburn Town,36,TC,1601601960,79,21.46,-71.14,29.08,9.66
354,Bougouni,100,ML,1601601962,93,11.42,-7.48,23.22,3
355,Tura,100,IN,1601601964,93,25.52,90.22,24.85,0.87
356,Pitimbu,20,BR,1601601966,83,-7.47,-34.81,25,2.6
357,Ahipara,100,NZ,1601601968,63,-35.17,173.17,15.77,2.58
358,Paracuru,25,BR,1601601970,78,-3.41,-39.03,26.67,10.73
359,Kirakira,49,SB,1601601973,71,-10.45,161.92,28.56,3.84
360,Borogontsy,16,RU,1601601975,91,62.67,131.17,0.11,3.33
361,Virginia Beach,20,US,1601601921,73,36.85,-75.98,22,2.1
362,Aksha,100,RU,1601601979,90,50.28,113.29,0,6.84
363,Wu’an,100,CN,1601601981,93,31.68,112.0,20.13,1.27
364,Buala,23,SB,1601601984,75,-8.14,159.59,28.31,5.11
365,Nome,90,US,1601601986,76,64.5,-165.41,10,7.7
366,Payo,48,ID,1601601988,71,-3.75,103.64,27.8,0.21
367,Maumere,11,ID,1601601990,57,-8.62,122.21,29.44,1.39
368,Laas,90,IT,1601601992,100,46.62,10.7,13.89,3.1
369,San Jerónimo,9,PE,1601601995,63,-11.95,-75.28,11.42,1.52
370,Ust-Maya,98,RU,1601601997,77,60.42,134.53,2.81,1.92
371,Jämsä,100,FI,1601601999,100,61.86,25.19,6,1
372,Tahe,100,CN,1601602001,84,52.33,124.73,6.86,2.68
373,Longyearbyen,75,SJ,1601602003,95,78.22,15.64,0,1.5
374,Clyde River,75,CA,1601602005,92,70.47,-68.59,-4,6.7
375,Katsuura,20,JP,1601602008,73,35.13,140.3,23.89,3.1
376,Rochegda,100,RU,1601602010,96,62.8,43.25,7.71,1.44
377,Tommot,100,RU,1601602012,79,58.96,126.29,3.08,3.51
378,Davila,75,PH,1601602014,79,18.47,120.58,29,2.1
379,Nouakchott,0,MR,1601602016,45,18.09,-15.98,31,8.7
380,Batticaloa,100,LK,1601602018,71,7.71,81.69,25.86,2.36
381,Gaffney,1,US,1601602020,80,35.07,-81.65,20,0.45
382,Bloemhof,0,ZA,1601602023,47,-27.65,25.61,8.79,1.87
383,Batagay-Alyta,8,RU,1601602026,82,67.8,130.41,-3.4,1.93
384,Poso,84,ID,1601602028,55,-1.4,120.75,30.29,1.2
385,Bjørnevatn,75,NO,1601602030,87,69.67,29.98,7,3.6
386,Cap Malheureux,0,MU,1601602032,80,-19.98,57.61,19.44,1.34
387,Novy Urengoy,100,RU,1601602034,93,66.08,76.63,4.44,3.56
388,Ariquemes,79,BR,1601601775,77,-9.91,-63.04,24.92,0.97
389,Kiryat Shmona,40,IL,1601602038,65,33.21,35.57,25,2.6
390,Dindori,7,IN,1601602040,64,22.95,81.08,20.46,0.74
391,Kutum,52,SD,1601602043,46,14.2,24.67,25.01,1.91
392,Sioux Lookout,90,CA,1601601994,86,50.1,-91.92,1,1.5
393,Kisangani,66,CD,1601602047,96,0.52,25.2,21.29,0.38
394,Senno,45,RU,1601602049,79,59.53,33.92,7.98,2.78
395,Sungai Penuh,99,ID,1601602051,95,-2.08,101.38,19.06,1.14
396,São Joaquim,100,BR,1601602053,76,-28.29,-49.93,17.67,1.43
397,Luwingu,0,ZM,1601602056,58,-10.26,29.93,15.91,1.12
398,Mehamn,97,NO,1601602058,85,71.04,27.85,7.44,3.47
399,Karasjok,100,NO,1601602060,93,69.47,25.51,8,2.1
400,Vărşag,100,RO,1601602062,88,46.52,25.35,12.22,0.89
401,Praia,75,CV,1601602064,88,14.92,-23.51,26,8.2
402,Opuwo,0,NA,1601602066,44,-18.06,13.84,11.32,0.83
403,Walvis Bay,0,NA,1601602068,70,-22.96,14.51,10,2.1
404,Palmares do Sul,0,BR,1601602071,80,-30.26,-50.51,21.44,4.07
405,Iqaluit,75,CA,1601602012,85,63.75,-68.51,-4,2.1
406,Uppsala County,14,SE,1601601827,100,60.0,17.75,11,3.6
407,Mokhsogollokh,0,RU,1601602077,78,61.47,128.92,2.12,1.04
408,Hualmay,50,PE,1601602079,85,-11.1,-77.61,16.37,4.82
409,Castro Daire,100,PT,1601601842,8,40.9,-7.93,17.22,3.58
410,Chapleau,75,CA,1601602083,93,47.84,-83.4,2,3.6
411,Ambilobe,1,MG,1601602086,91,-13.2,49.05,20.4,1.48
412,Banda Aceh,100,ID,1601602089,76,5.56,95.32,27.58,4.25
413,San Quintín,0,MX,1601602091,35,30.48,-115.95,28.22,4.9
414,Castellarano,100,IT,1601602093,92,44.51,10.73,16.67,2.15
415,Bahir Dar,73,ET,1601602095,85,11.59,37.39,14.48,1.93
416,San Patricio,40,MX,1601602016,79,19.22,-104.7,30,5.1
417,Fereydūnkenār,0,IR,1601602099,63,36.69,52.52,19.14,2.23
418,Manacapuru,20,BR,1601602101,83,-3.3,-60.62,27,2.1
419,Treinta y Tres,61,UY,1601602103,80,-33.23,-54.38,11.89,4.16
420,Coyhaique,100,CL,1601602105,80,-45.58,-72.07,1,2.1
421,Hervey Bay,40,AU,1601602107,50,-25.3,152.85,27.22,4.6
422,Alès,100,FR,1601601908,7,44.13,4.08,15,0.45
423,Kargopol',58,RU,1601602111,93,61.51,38.95,8.07,1.57
424,Abu Dhabi,0,AE,1601602080,28,24.47,54.37,30,1.5
425,Salalah,20,OM,1601602116,83,17.02,54.09,24,1.5
426,Cidreira,21,BR,1601601856,77,-30.18,-50.21,21.78,7.05
427,Avera,1,US,1601602120,88,33.19,-82.53,19,3.04
428,Khanskaya,100,RU,1601602121,89,44.68,39.96,14.16,0.86
429,Hobyo,32,SO,1601601949,89,5.35,48.53,24.78,7.24
430,Broome,90,US,1601602125,66,42.25,-75.83,12,2.1
431,Mount Gambier,0,AU,1601602068,49,-37.83,140.77,23,5.7
432,Finschhafen,100,PG,1601602130,79,-6.6,147.87,27.14,5.08
433,Ballina,0,AU,1601602132,69,-28.87,153.57,26.11,5.7
434,Muhos,53,FI,1601602134,100,64.81,25.99,8.33,2.1
435,Marquette,77,US,1601602136,88,46.53,-87.63,3.89,2.24
436,Mangai,34,CD,1601602138,99,-4.05,19.53,20.6,0.75
437,Kaeo,100,NZ,1601602141,58,-35.1,173.78,15.74,3.42
438,Cocobeach,75,GA,1601602143,83,1.0,9.58,26,3.6
439,Lithakia,40,GR,1601602145,77,37.72,20.83,17,2.19
440,Makkah al Mukarramah,0,SA,1601602148,41,21.43,39.83,26.33,0.99
441,Ayan,0,RU,1601602150,55,56.45,138.17,10.38,0.99
442,Pinos,5,MX,1601602152,49,22.3,-101.57,17,2.6
443,Tūkrah,89,LY,1601602155,53,32.53,20.58,22.68,3.38
444,Nelson Bay,0,AU,1601602157,46,-32.72,152.15,25,3.6
445,Rawson,96,AR,1601602159,58,-43.3,-65.1,5.39,7.93
446,Port Augusta,0,AU,1601602161,26,-32.5,137.77,29,11.8
447,Coquimbo,0,CL,1601602164,87,-29.95,-71.34,11,4.1
448,Nizhniy Tsasuchey,100,RU,1601602166,93,50.52,115.13,1.4,6.2
449,Kangaatsiaq,100,GL,1601602168,76,68.31,-53.46,3.17,7.43
450,Poyarkovo,100,RU,1601602171,73,49.6,128.68,11.22,5.81
451,Bilibino,80,RU,1601602173,91,68.05,166.44,0.04,0.65
452,Nazaré,46,BR,1601602176,92,-13.04,-39.01,21.9,1.12
453,Gīdolē,86,ET,1601602178,90,5.65,37.37,14.98,1.46
454,Bonavista,100,CA,1601602006,82,48.65,-53.11,15,6.28
455,Liliongan,100,PH,1601602182,78,7.36,124.79,27.43,0.73
456,Babstovo,100,RU,1601602184,85,48.12,132.48,9.82,3.88
457,Ruangwa,99,TZ,1601602027,88,-10.07,38.93,21.67,1.67
458,Nabire,98,ID,1601601911,63,-3.37,135.48,29.93,1.92
459,Atocha,0,BO,1601602190,37,-20.93,-66.23,12.65,2.1
460,Todos Santos,4,MX,1601602192,79,23.45,-110.22,28.89,0.89
461,Puerto Escondido,90,MX,1601602194,65,15.85,-97.07,28,3.1
462,Shahreza,0,IR,1601602196,46,32.03,51.88,10.88,0.42
463,Scarborough,15,GB,1601602198,93,54.28,-0.4,7.22,1
464,Rosarito,5,MX,1601602200,29,32.33,-117.03,31,5.1
465,Kokopo,100,PG,1601602203,86,-4.35,152.26,22.88,3.79
466,Neiafu,75,TO,1601602205,74,-18.65,-173.98,29,2.6
467,El Salvador,75,SV,1601601948,94,13.83,-88.92,27,1.5
468,Araci,5,BR,1601602209,88,-11.33,-38.97,19.82,3.17
469,Comodoro Rivadavia,40,AR,1601602007,59,-45.87,-67.5,3,5.7
470,Vaitape,3,PF,1601602213,77,-16.52,-151.75,26.45,9.24
471,Galle,94,LK,1601602216,79,6.04,80.22,27.2,5.47
472,Gwadar,0,PK,1601602219,63,25.12,62.33,28.58,3.49
473,Hakkâri Province,2,TR,1601602221,67,37.58,44.17,7.07,0.45
474,‘Āhuimanu,20,US,1601602039,66,21.44,-157.84,30,4.1
475,Abengourou,99,CI,1601602225,99,6.73,-3.5,21.12,0.98
476,Leh,0,IN,1601601964,61,34.17,77.58,2.93,1.15
477,Lacolle,0,CA,1601602229,89,45.08,-73.37,13.33,2.99
478,Navrongo,39,GH,1601602232,96,10.9,-1.09,22.75,2.5
479,Americus,1,US,1601602108,68,32.07,-84.23,21,3.36
480,Angoulême,100,FR,1601602236,93,45.65,0.15,13.33,8.2
481,Richards Bay,81,ZA,1601602239,80,-28.78,32.04,17.15,3.42
482,Istok,0,XK,1601602241,81,42.78,20.49,9,1
483,Tay Ninh,99,VN,1601602243,74,11.3,106.1,29.46,0.19
484,Lüshunkou,0,CN,1601602245,68,38.8,121.27,20,4
485,Adrar,0,MR,1601602247,18,20.5,-10.07,32.16,7.99
486,Tezu,100,IN,1601602251,68,27.92,96.17,26.84,0.53
487,Alta Floresta,73,BR,1601602253,91,-9.88,-56.09,21.57,1.43
488,Los Algarrobos,100,PA,1601602255,86,8.5,-82.43,27.78,0.45
489,Fatehgarh,0,IN,1601602258,59,27.37,79.63,25.29,1.4
490,Salinópolis,99,BR,1601602260,83,-0.61,-47.36,25.94,4.34
491,Kudahuvadhoo,100,MV,1601602262,77,2.67,72.89,27.87,3.9
492,Faro,96,PT,1601602265,82,37.02,-7.93,18,5.1
493,Geraldton,75,AU,1601602267,68,-28.77,114.6,19,2.6
494,Slatina,37,RO,1601602269,82,44.43,24.37,13.33,2.1
495,Oltu,57,TR,1601602271,51,40.55,42.0,13.46,2.45
496,Madona,17,LV,1601602273,85,56.85,26.22,7.89,2.45
497,Atambua,0,ID,1601602275,45,-9.11,124.89,30.07,2.2
498,Tongren,100,CN,1601602277,85,27.72,109.19,21.11,0.73
499,Arrifes,75,PT,1601602280,82,37.77,-25.7,20,4.1
500,Viranşehir,0,TR,1601602282,48,37.24,39.76,18.52,1.27
501,Burnie,96,AU,1601602245,69,-41.07,145.92,16.67,4.47
502,Eston,75,CA,1601602286,43,51.15,-108.75,11,3.6
503,Mīzan Teferī,12,ET,1601602288,81,6.98,35.58,15.93,1.4
504,Saint George,1,US,1601602113,5,37.1,-113.58,34,0.63
505,Port Hawkesbury,1,CA,1601602178,87,45.62,-61.35,14,2.1
506,Kuloy,97,RU,1601602294,94,61.03,42.49,8.61,1.85
507,Kavaratti,50,IN,1601602296,77,10.57,72.64,27.28,4.4
508,Shingū,20,JP,1601602220,60,33.73,135.98,24,2.1
509,Chililabombwe,4,ZM,1601602300,44,-12.36,27.82,15.19,1.76
510,Eyl,22,SO,1601602303,83,7.98,49.82,24.5,3.74
511,Chlórakas,40,CY,1601602305,72,34.8,32.41,19,2.6
512,Zabid,4,YE,1601602308,70,14.2,43.32,29.73,2.38
513,Nueva Helvecia,77,UY,1601602310,86,-34.3,-57.23,10.56,5.99
514,Vardø,75,NO,1601602130,81,70.37,31.11,7,1.5
515,Rocha,0,UY,1601602314,79,-34.48,-54.33,9.94,3.62
516,Henties Bay,0,NA,1601602316,82,-22.12,14.28,10,0.45
517,Romny,100,UA,1601602318,66,50.75,33.47,12.79,6.5
518,Noril'sk,90,RU,1601602320,100,69.35,88.2,2,3
519,Ketchikan,90,US,1601602312,93,55.34,-131.65,13,1.5
520,Aden,42,YE,1601602325,82,12.78,45.04,28.74,6.89
521,Kita,100,ML,1601602327,95,13.03,-9.49,24.33,2.56
522,Maridi,11,SS,1601602330,92,4.92,29.47,19.02,1.46
523,Celestún,100,MX,1601602332,89,20.87,-90.4,25.63,5.9
524,Grand Gaube,0,MU,1601602334,79,-20.01,57.66,19.44,1.34
525,Dhidhdhoo,8,MV,1601602337,76,6.88,73.1,27.54,4.89
526,Kandalaksha,43,RU,1601602339,91,67.16,32.41,8.43,1.55
527,Najrān,0,SA,1601602204,21,17.49,44.13,22,0.52
528,Timrå,99,SE,1601602343,93,62.49,17.33,10,4.1
529,Kalabo,0,ZM,1601602345,49,-14.97,22.68,22.34,1.81
530,Tambura,94,SS,1601602347,88,5.6,27.47,20.37,0.8
531,Jiexiu,100,CN,1601602149,32,37.02,111.91,15.53,0.33
532,Drumheller,19,CA,1601602207,44,51.46,-112.71,16.67,0.45
533,Road Town,100,VG,1601602353,88,18.42,-64.62,26.67,4.92
534,Jalu,0,LY,1601602355,41,29.03,21.55,24.74,2.82
535,Mugumu,0,TZ,1601602357,70,-1.85,34.7,16.91,1.65
536,Pailitas,100,CO,1601602360,86,8.96,-73.63,24.72,1.47
537,Canyon Lake,0,US,1601602362,44,29.88,-98.26,22.78,0.45
538,Moose Factory,90,CA,1601602364,100,51.26,-80.61,4,3.6
539,Ust-Tsilma,100,RU,1601602366,88,65.44,52.15,8.34,3.46
540,Maţāy,0,EG,1601602369,71,28.42,30.78,22.99,4.99
541,Novoleushkovskaya,91,RU,1601602370,62,46.0,39.99,14.61,4.25
542,Gobindpur,75,IN,1601602373,94,22.63,86.07,25,1.6
543,São João da Barra,25,BR,1601602375,84,-21.64,-41.05,23.75,8.74
544,Kloulklubed,75,PW,1601602377,70,7.04,134.26,30,3.6
545,Half Moon Bay,5,US,1601602379,54,37.46,-122.43,30,2.6
546,Selje,38,NO,1601602381,53,62.05,5.35,15.56,4.94
547,Tocopilla,24,CL,1601602384,62,-22.09,-70.2,16.92,3.19
548,Agua Dulce,100,MX,1601602386,71,18.13,-94.13,25.38,6.58
549,Port-de-Bouc,100,FR,1601602388,87,43.4,4.98,17,4.1
550,Kysyl-Syr,19,RU,1601602390,74,63.9,122.76,1.93,3.12
551,Mackenzie,1,CA,1601602392,55,55.3,-123.17,18,1
552,Krasnoarmeysk,22,RU,1601602394,54,51.02,45.7,11.11,1.79
553,Sydney,0,AU,1601602261,23,-33.87,151.21,24,7.2
554,Puerto Baquerizo Moreno,98,EC,1601602398,84,-0.9,-89.6,19.07,5.11
555,Pemangkat,55,ID,1601602401,69,1.17,108.97,29.22,2.55
556,Juegang,26,CN,1601602403,71,32.32,121.19,24.23,3.63
557,San Andrés,100,CO,1601602405,74,12.58,-81.7,28.92,3.34
558,Pānsemāl,41,IN,1601602407,84,21.65,74.7,24.31,2.98
559,Port Jervis,1,US,1601602355,81,41.38,-74.69,11,1.26
560,Palmital,86,BR,1601602411,29,-22.79,-50.22,29.04,2.72
561,Mancherial,98,IN,1601602414,83,18.87,79.43,25.24,1.64
562,Maniitsoq,100,GL,1601602416,86,65.42,-52.9,3.95,7.52
563,Araouane,0,ML,1601602418,25,18.9,-3.53,34.65,4.22
564,Oddur,94,SO,1601602421,78,4.12,43.89,22.53,2.52
565,Cururupu,7,BR,1601602423,87,-1.83,-44.87,24.54,2.37
566,Bereda,100,ES,1601602425,100,43.27,-7.54,15,7.6
567,Hibbing,90,US,1601602411,55,47.43,-92.94,3.33,6.2
